Week,Day,Book,StartVerse,EndVerse,Title
1,1,Acts Overview,Overview,Overview,"Overview of Acts"
1,2,Acts Overview,Overview,Overview,"Overview of Acts"
1,3,Acts Overview,Overview,Overview,"Overview of Acts"
1,4,Acts Overview,Overview,Overview,"Overview of Acts"
1,5,Acts Overview,Overview,Overview,"Overview of Acts"
2,1,Acts,1:1,1:11,"The Ascension"
2,2,Acts,1:12,1:26,"The Upper Room"
2,3,Acts,2:1,2:13,"Pentecost"
2,4,Acts,2:14,2:41,"Peter's Sermon"
2,5,Acts,2:42,2:47,"The Fellowship of Believers"
3,1,Acts,3:1,3:26,"Peter Heals a Lame Beggar"
3,2,Acts,4:1,4:31,"Peter and John Before the Sanhedrin"
3,3,Acts,4:32,5:11,"The Believers Share Possessions"
3,4,Acts,5:12,5:42,"The Apostles Heal and Face Persecution"
3,5,Acts,6:1,6:15,"The Choosing of the Seven & Stephen's Arrest"
4,1,Acts,7:1,7:53,"Stephen's Address to the Council"
4,2,Acts,7:54,8:3,"The Stoning of Stephen & the Church Scattered"
4,3,Acts,8:4,8:25,"Philip Proclaims Christ in Samaria"
4,4,Acts,8:26,8:40,"Philip and the Ethiopian Official"
4,5,Acts,9:1,9:19,"The Conversion of Saul"
5,1,Acts,9:19,9:31,"Saul in Damascus and Jerusalem"
5,2,Acts,9:32,9:43,"Aeneas and Tabitha"
5,3,Acts,10:1,10:23,"Cornelius and Peter's Vision"
5,4,Acts,10:28,10:48,"Gentiles Hear the Good News"
5,5,Acts,11:1,11:30,"The Church in Antioch"
6,1,Acts,12:1,12:24,"Peter Delivered from Prison"
6,2,Acts,12:25,13:12,"Barnabas and Saul Sent Off"
6,3,Acts,13:13,13:52,"Paul and Barnabas at Antioch in Pisidia"
6,4,Acts,14:1,14:28,"Paul and Barnabas in Iconium and Lystra"
6,5,Acts,15:1,15:35,"The Council at Jerusalem"
7,1,Acts,15:36,16:5,"Paul and Silas Separate / Lydia's Conversion"
7,2,Acts,16:6,16:15,"Paul and Silas in Prison"
7,3,Acts,16:16,16:40,"The Thessalonian and Berean Responses"
7,4,Acts,17:1,17:15,"Paul at the Areopagus"
7,5,Acts,17:16,17:34,"Paul in Corinth"
8,1,Acts,18:18,18:28,"Paul's Return to Antioch and Journey to Ephesus"
8,2,Acts,19:1,19:20,"Paul in Ephesus"
8,3,Acts,19:21,19:41,"The Riot in Ephesus"
8,4,Acts,20:1,20:12,"Through Macedonia and Greece / Eutychus Raised"
8,5,Acts,20:13,20:38,"Paul's Farewell to the Miletus Elders"
9,1,Acts,21:1,21:16,"On to Jerusalem"
9,2,Acts,21:17,21:36,"Paul Arrives in Jerusalem and is Arrested"
9,3,Acts,21:37,22:29,"Paul Speaks to the Crowd"
9,4,Acts,22:30,23:11,"Paul Before the Sanhedrin"
9,5,Acts,23:12,25:12,"The Plot Against Paul and Transfer to Caesarea"
10,1,Acts,25:23,26:32,"Paul Before Agrippa"
10,2,Acts,27:1,27:26,"The Voyage to Rome Begins / The Storm"
10,3,Acts,27:27,27:44,"The Shipwreck"
10,4,Acts,28:1,28:16,"Arrival in Rome and Proclaiming the Kingdom"
10,5,Acts,28:17,28:31,"Proclaiming the Kingdom in Rome"
